YEAR,WK,DT,MN,MWSP,..MAX,..MIN,.VP1,.VP2,RH1,RH2,D1,D2,.SSH
2019,1,1,1,3.5,31.2,19.2,16.3,14.5,84,46,32,32,6.7
2019,1,2,1,3.6,30.6,17.2,16.2,11.6,98,35,32,2,5
2019,1,3,1,2.9,31,14.6,13.3,13.1,96,38,2,34,9.3
2019,1,4,1,2.6,32.2,14.8,13.2,13.4,92,39,27,16,9
2019,1,5,1,3.6,31.8,15.4,13.3,14.7,88,44,36,34,8.8
2019,1,6,1,3,32.2,15.4,14.4,11.4,94,32,2,34,8.7
2019,1,7,1,3,32,15.8,14.1,14.2,96,39,29,2,7.9
2019,2,8,1,3.2,32.8,19.2,18,12.5,90,33,2,7,8.7
2019,2,9,1,3.3,33.2,16,14,10.2,94,27,29,34,9.1
2019,2,10,1,3.4,33.4,14.6,13,12.3,92,34,32,29,9
2019,2,11,1,5,33.4,17.4,14.2,89,39,3.8,11,9.3,0
2019,2,12,1,32,32.6,18.2,14.6,91,40,3.5,32,8.6,0
2019,2,13,1,2,32.6,17.2,14.3,89,40,3.3,2,8.8,0
2019,2,14,1,2,32.4,21.2,14.6,83,40,3.8,2,4.4,0
2019,3,15,1,5,32.8,19.2,11.2,89,31,3.5,5,7.9,0
2019,3,16,1,2,33.6,17.4,12.5,83,33,3.4,34,8.2,0
2019,3,17,1,29,33.2,16.2,12.3,88,34,4.1,29,7,0
2019,3,18,1,2,32.4,18,13.2,89,39,3.8,11,8.3,0
2019,3,19,1,34,32,15.2,14.2,90,39,3.2,14,5.5,0
2019,3,20,1,2,32.2,15.8,11.1,85,33,2.8,5,8.8,0
2019,3,21,1,29,31.8,15.8,11.8,81,37,2.7,34,4.5,0
2019,4,22,1,2.2,31,15.2,12.4,12.2,86,34,2,32,2.3
2019,4,23,1,2,33,18.4,12.1,95,32,3.3,7,9,0
2019,4,24,1,2,33.8,17.8,13.9,96,35,4,5,9.2,0
2019,4,25,1,4.2,34.2,22.4,18.6,15,82,39,99,5,8.9
2019,4,26,1,4.2,34.8,20.6,18.4,16.6,92,43,5,5,7.6
2019,4,27,1,5,34.2,23.2,16.2,85,42,4.2,2,7.1,0
2019,4,28,1,4.6,33.4,21,18.4,17.7,92,46,5,2,7.8
2019,5,29,1,4.7,33.4,22.4,18.4,16.8,82,49,2,7,6.9
2019,5,30,1,36,32.8,20.2,14.4,86,38,3.9,7,4.3,0
2019,5,31,1,34,33.8,20.6,13.1,86,36,5.4,34,8.8,0
2019,5,1,2,34,33.2,20.2,14.5,81,38,5.1,7,8.3,0
2019,5,2,2,34,33.2,20.2,14.6,86,39,4.5,34,7.3,0
2019,5,3,2,2,32.8,22.2,14.2,78,39,4.5,11,8.4,0
2019,5,4,2,2,34.6,22.2,17.9,79,48,4.4,7,8.9,0
2019,6,5,2,2,33.6,24.4,18.9,81,58,5.4,5,3,0
2019,6,6,2,2,30.6,22.8,16.7,90,43,3,16,0,0
2019,6,7,2,2,34.4,21.6,16.1,85,39,4.4,2,6.5,0
2019,6,8,2,2,34.8,21.4,17.1,82,42,3.9,11,8.5,0
2019,6,9,2,32,35.2,23.2,21,77,71,3.9,5,7.5,0
2019,6,10,2,32,34.4,23.4,22.9,94,84,3,2,3,0.6
2019,6,11,2,2,34.4,22.2,15.6,100,39,4,2,3.5,0
2019,7,12,2,2,34.8,21.8,16.5,87,41,5.6,7,8.5,0
2019,7,13,2,5,34.8,20.2,14.8,88,37,6.6,2,9.1,0
2019,7,14,2,2,34,19.8,17.4,89,44,5.1,5,9.1,0
2019,7,15,2,5,35.2,24.2,17.7,81,43,5.4,2,9.4,0
2019,7,16,2,7,36,22.8,16.8,84,40,5.6,11,9.5,0
2019,7,17,2,2,35.6,22.2,16.5,91,40,4.7,14,9.8,0
2019,7,18,2,5,38.2,21.2,18.7,88,43,5,11,9.6,0
2019,8,19,2,5.3,36.8,24,23.1,19.2,94,46,2,11,8.6
2019,8,20,2,5.9,36.6,23,21.9,14.3,92,33,2,11,8.6
2019,8,21,2,2,36,20.6,13.7,88,31,6.1,11,9.1,0
2019,8,22,2,2,36,20,15.3,81,38,6.1,11,9.7,0
2019,8,23,2,5,35.8,18.8,13.6,77,32,5.5,2,9.8,0
2019,8,24,2,32,36.2,16.2,13.3,82,30,4.7,5,9.7,0
2019,8,25,2,5,37.6,18.4,14.6,89,34,5,11,10.4,0
2019,9,26,2,2,36.6,21.4,15.3,85,33,4.4,5,10,0
2019,9,27,2,2,37.2,22,16,98,34,5.1,29,8.9,0
2019,9,28,2,5.1,38.2,22.8,18.3,17,78,36,2,7,9
2019,9,1,3,5,37.8,22.6,17.8,84,40,4.8,7,7.7,0
2019,9,2,3,2,36.8,23.4,15.3,87,34,6.5,2,9.2,0
2019,9,3,3,32,36.8,21.2,16.3,84,37,5.6,34,7.8,0
2019,9,4,3,7,37,23.4,18.3,77,43,4.8,14,9.3,0
2019,10,5,3,7,37,22,15.7,84,34,4.9,23,4.8,0
2019,10,6,3,34,38.6,23.4,16.5,92,32,4.7,11,9.3,0
2019,10,7,3,7,39,24.2,18,85,34,5,7,7.8,0
2019,10,8,3,29,39.8,23,17.4,84,36,6.2,14,8.9,0
2019,10,9,3,2,38.8,22.8,17.1,86,35,5.7,11,8.6,0
2019,10,10,3,34,37.8,22.8,16.9,83,35,6.1,14,6.6,0
2019,10,11,3,5,37.8,23.4,13.2,79,29,4.8,11,8.6,0
2019,11,12,3,2,37.4,21.4,11.7,79,26,5,11,9.3,0
2019,11,13,3,7,37,19.4,14.9,76,33,5,11,9.1,0
2019,11,14,3,34,37,20.6,15.9,83,36,5.3,7,9,0
2019,11,15,3,2,38.2,18.6,13.9,66,31,4.3,16,9.4,0
2019,11,16,3,5,37.2,22.6,15.2,80,33,5.8,2,8.8,0
2019,11,17,3,5,36.6,23.2,13.4,83,30,5.3,32,7.6,0
2019,11,18,3,32,37,22.8,15.3,81,34,5.2,32,9.1,0
2019,12,19,3,32,37.4,24.2,16.3,80,34,5.2,11,7.4,0
2019,12,20,3,32,37.6,25.2,15.6,73,33,5.2,32,9.1,0
2019,12,21,3,2,37.4,23.4,14.5,79,32,4.9,11,8.6,0
2019,12,22,3,2,38,25.4,15,72,30,5.4,7,8.8,0
2019,12,23,3,2,38,23.6,14.8,73,32,5,7,8.9,0
2019,12,24,3,2,38.8,21.8,14,78,32,5.3,7,9.1,0
2019,12,25,3,7,39,22.2,15.3,83,30,5.7,7,9.2,0
2019,13,26,3,5.9,38.8,19.8,16.1,16.9,73,34,2,2,9.1
2019,13,27,3,4.9,38.2,20.8,18,14.8,74,30,2,11,9.1
2019,13,28,3,4.8,38,20.8,16.6,16.2,79,33,2,11,9
2019,13,29,3,4.9,39,20.2,14.2,15.5,69,29,32,16,9.2
2019,13,30,3,5.1,39.2,21.2,16.1,14.6,73,28,5,20,9.5
2019,13,31,3,5.6,39.4,21.8,14.5,17.5,57,33,5,16,9.4
2019,13,1,4,4.9,40,21.8,15.2,17.9,67,34,2,11,9.2
2019,14,2,4,5.5,39.8,22.2,21,20.1,84,40,7,11,9.2
2019,14,3,4,3.6,39,23,22.4,21.6,85,47,7,11,8.7
2019,14,4,4,8.4,37.2,22.6,21.1,20.8,79,44,29,11,8.8
2019,14,5,4,5.4,37.2,24.2,18.8,19.8,69,38,11,2,9.2
2019,14,6,4,5.5,39.6,23.2,19.8,18.6,78,37,7,2,9.4
2019,14,7,4,4.8,39.4,22.6,19,17.5,74,33,2,7,9.7
2019,14,8,4,5.7,39.8,23.2,22.9,23.3,84,49,2,20,9.4
2019,15,9,4,5.9,38.2,24.4,21,20.2,77,39,2,11,8.6
2019,15,10,4,5.8,39.4,24.4,22.2,18.7,82,38,29,11,8.3
2019,15,11,4,5.8,38.8,23.8,21.9,18,82,34,2,11,9
2019,15,12,4,5.2,39.2,23.2,21.3,20.1,84,37,29,7,9.4
2019,15,13,4,5,40.2,23.4,21.5,21.1,77,39,2,7,9.4
2019,15,14,4,5.9,40.8,24.4,21.6,18.9,75,39,5,11,9.3
2019,15,15,4,6,38.6,22.8,19.7,22,74,46,34,2,7.8
2019,16,16,4,5.4,39.4,23.8,20.7,25.2,77,47,5,20,11
2019,16,17,4,5.3,39.8,26.2,24,22.7,76,41,5,16,9.2
2019,16,18,4,3.9,40,23.4,19.3,24.1,70,48,5,7,3.1
2019,16,19,4,6.5,41.4,26.2,23.7,22.9,80,46,14,11,10.2
2019,16,20,4,32,40.6,27.8,26.4,59,83,6.2,2,8.4,0
2019,16,21,4,2.9,37.2,22.7,24.5,21,94,48,2,2,5
2019,16,22,4,3.1,36.2,27.6,22.7,21.1,78,42,11,11,4.4
2019,17,23,4,3.8,38.4,26.4,23.3,23.9,89,51,2,32,9.9
2019,17,24,4,5.4,37.2,24.6,22.5,20,93,44,2,7,5.6
2019,17,25,4,3.1,37,26.2,23.9,21.2,82,43,7,11,7.8
2019,17,26,4,4.2,38,25.8,24.1,22.3,81,41,7,11,8.3
2019,17,27,4,4.9,40.6,27.4,24.1,21,81,44,5,11,10.3
2019,17,28,4,4.6,39.8,26.2,25.2,23.3,87,45,7,32,7.3
2019,17,29,4,4.3,39.4,29.2,26.7,25.2,83,47,2,29,8.8
2019,18,30,4,4.4,39.6,26.2,22.1,25.9,74,49,2,29,5.9
2019,18,1,5,7.8,39.2,28.8,22.7,25.2,72,53,25,25,2.5
2019,18,2,5,8.9,37.6,28.8,22.5,26.2,70,49,25,16,1.2
2019,18,3,5,9.3,40,27.8,20.6,24.9,67,47,20,20,8.2
2019,18,4,5,7.8,40.8,28.2,18.8,23.6,60,43,25,16,7.2
2019,18,5,5,4.7,40.6,27.4,17,24.2,58,51,29,20,8.5
2019,18,6,5,4.1,40.2,26.8,21.9,26.4,72,48,5,5,6.2
2019,19,7,5,5.7,39.8,27.2,22.1,25.8,74,53,34,16,7.3
2019,19,8,5,7.7,39.4,27,20,21.5,66,43,20,20,9.1
2019,19,9,5,6.5,39.2,27,20.1,24.4,68,46,20,11,6.8
2019,19,10,5,3.6,39.8,26.2,22.6,24.8,81,46,32,16,7.4
2019,19,11,5,4.2,39.8,26.4,22.6,26.6,81,54,2,2,7.2
2019,19,12,5,4,40.4,26.2,22.2,25.9,75,47,34,5,8.3
2019,19,13,5,5.3,39.8,27,21.6,25.9,72,47,2,25,8.3
2019,20,14,5,5,40.8,25.8,20.5,18.1,77,35,5,11,8.3
2019,20,15,5,27,39.6,27.8,20.4,72,37,6.3,29,9.8,0
2019,20,16,5,11,40.2,26.2,21.2,76,43,3.9,7,9,4.2
2019,20,17,5,2.2,40.2,25.4,24.5,19.2,79,35,2,16,7.6
2019,20,18,5,4.2,40.2,24.8,21.4,19.8,73,38,7,7,7.6
2019,20,19,5,5,39.2,26.6,19.2,82,35,5.1,7,9.6,0
2019,20,20,5,23,40.2,25.4,19.4,82,36,4.1,11,9.5,0
2019,21,21,5,5.4,40.2,25.4,24.7,18.4,92,34,5,32,10.4
2019,21,22,5,4.9,40.2,26.4,24.5,20.5,82,39,5,7,10.4
2019,21,23,5,7,39.8,27.4,22.5,85,44,5.4,11,9.6,0
2019,21,24,5,32,39.4,27.2,20.3,70,43,5.4,14,6.8,0
2019,21,25,5,2,40.2,26.6,24.4,73,46,5.2,11,1.3,0
2019,21,26,5,7,39.2,27.4,20.8,86,42,4.3,14,7.4,0
2019,21,27,5,7,40,27.6,23.2,75,41,6,16,9.8,0
2019,22,28,5,2,40.6,28.4,22,78,39,5,2,10.4,0
2019,22,29,5,11,40.4,28.6,20.6,61,35,4.9,32,9.1,0
2019,22,30,5,7,41.2,24.6,21.4,92,41,4.5,20,7.7,3.8
2019,22,31,5,25,39.6,27.6,19,76,37,4.3,29,9.6,0
2019,22,1,6,2,39.2,26.6,21.7,77,39,7.4,32,6.4,0
2019,22,2,6,11,40,27.8,21.4,74,41,7.5,32,9.8,0
2019,22,3,6,25,39,28.6,19.4,66,36,10,25,4.7,0
2019,23,4,6,25,39.8,28.2,19.2,59,35,8.3,25,6.1,0
2019,23,5,6,7,40.6,25.6,24.3,71,47,5.7,25,8.9,0.4
2019,23,6,6,7,38.6,25.2,20.2,74,39,5.8,7,8.7,0
2019,23,7,6,25,39,28.8,19.6,66,37,6.7,29,8.8,0
2019,23,8,6,25,40,27,20.1,60,38,9.9,7,10.3,0
2019,23,9,6,16,39.4,27.4,20.9,63,43,10.9,20,11.6,0
2019,23,10,6,20,39,25.2,19.7,90,56,7.6,20,8.3,11.2
2019,24,11,6,20,31.8,26,19.8,71,47,10.2,29,0.2,0
2019,24,12,6,25,35.4,27.8,17.8,64,45,15,20,10.2,0
2019,24,13,6,25,37.6,27.8,18.6,62,37,13.6,27,8.6,0
2019,24,14,6,25,39,27.8,19.5,67,40,10.8,25,10.8,0
2019,24,15,6,25,39.2,28,18.9,64,38,10.3,23,11,0
2019,24,16,6,23,39.2,28.2,19.3,62,37,10.1,11,11.4,0
2019,24,17,6,23,39.8,27.6,18.4,61,35,8.3,25,10.5,0
2019,25,18,6,25,40,28.2,16.6,57,35,12.4,25,9.5,0
2019,25,19,6,23,41,27.6,16.3,65,29,12.4,34,8.1,0
2019,25,20,6,25,40.4,28.2,18.3,60,36,11.7,20,10.1,0
2019,25,21,6,23,39.6,27.4,18.7,59,40,11.1,20,9,0
2019,25,22,6,25,37.8,27.4,17.4,62,38,11.1,23,5,0
2019,25,23,6,25,37.6,27.2,21.1,69,42,9.1,20,1.2,0
2019,25,24,6,25,38.6,27.8,19.7,70,37,11.2,20,5.5,0
2019,26,25,6,27,39.8,27,20.2,70,39,10.2,23,10.8,0
2019,26,26,6,25,39.6,28.2,22,81,46,12.3,20,9,0
2019,26,27,6,25,38.6,26.8,20.2,87,39,11.8,34,6.6,0
2019,26,28,6,20,40.4,26.2,15.4,69,29,11.5,20,6.1,0
2019,26,29,6,20,39.6,26.8,15,58,27,12,20,10,0
2019,26,30,6,20,40.6,27.2,13.9,66,28,12.4,25,10.8,0
2019,26,1,7,27,38,26.6,21.2,67,43,8.8,23,2.9,0
2019,27,2,7,20,39.2,28,17.1,66,35,11.7,20,4,0
2019,27,3,7,20,38.6,27.8,17.4,71,35,13.3,25,10.2,0
2019,27,4,7,25,39,27.4,21.1,69,50,11.4,25,9.7,0
2019,27,5,7,16,37.6,28.2,20.7,66,43,11.8,27,8.7,0
2019,27,6,7,20,38.4,28.4,24.4,72,46,14.4,25,9.2,0
2019,27,7,7,25,39.2,27.8,21,67,44,11.7,20,1.5,0
2019,27,8,7,23,37.4,27.4,20,72,38,10.4,27,6.6,0
2019,28,9,7,25,40.2,27.4,22,73,53,11.9,27,10.9,0
2019,28,10,7,20,38.2,25.8,19.1,71,42,6.4,25,5.9,0
2019,28,11,7,27,38,27.2,15.1,63,33,5,23,6.5,0
2019,28,12,7,27,38.4,25.8,16,77,31,4.4,14,2.7,0
2019,28,13,7,11,39,27.6,17.8,57,42,5.2,11,9,0
2019,28,14,7,25,37.4,24.8,18.1,76,41,4.2,25,5.6,0
2019,28,15,7,20,38,23.8,18,81,40,3.5,20,7,0.6
2019,29,16,7,25,36.2,24.8,16.8,68,34,6.5,29,4.5,0.6
2019,29,17,7,25,39.2,25.8,17.8,60,42,5.8,25,11,0
2019,29,18,7,25,37.2,26.2,17.7,63,43,6.4,25,6.6,0
2019,29,19,7,25,37,26.2,16.4,68,39,12.6,25,5.6,0
2019,29,20,7,25,37.4,25.8,16.5,67,37,11.7,25,3.8,0
2019,29,21,7,25,37.8,26.2,17.6,68,41,9.6,25,2.3,0
2019,29,22,7,25,38.6,26.4,15,62,35,9.1,25,4.7,0
2019,30,23,7,25,36.2,25.8,16.4,51,36,9,25,0.1,0
2019,30,24,7,25,37.4,27,19.4,61,44,10.4,7,5,0
2019,30,25,7,23,38.6,25.2,19.6,75,42,5.7,25,5.3,17.2
2019,30,26,7,25,37.6,26.4,17.4,68,39,7.8,25,7,0
2019,30,27,7,7,37.2,24.2,16.3,74,33,6,25,3.1,0
2019,30,28,7,25,38,25.4,14.4,62,29,7,25,4,0
2019,30,29,7,25,38.4,24.8,16.8,69,33,11.6,29,8.2,0
2019,31,30,7,25,39.2,25.6,15,63,29,10.3,29,7.8,0
2019,31,31,7,25,39.4,26.2,14.6,64,28,10.3,25,10.9,0
2019,31,1,8,25,39.8,26.8,13.8,63,25,9.4,29,10.8,0
2019,31,2,8,29,40.8,26.8,16.5,62,34,12.7,29,10.1,0
2019,31,3,8,29,39.8,27.2,17.4,65,39,14.2,29,9.1,0
2019,31,4,8,25,37.2,26.6,18.1,70,41,12.3,25,8.7,0
2019,31,5,8,25,36.8,28.2,19.2,65,43,15,25,3.3,0
2019,32,6,8,29,36.8,27.6,18.2,68,47,17,25,2.4,0
2019,32,7,8,25,35.6,24.8,19,76,46,14.6,25,2.8,0
2019,32,8,8,29,35.6,26.6,20.9,74,70,17.1,25,5.1,0
2019,32,9,8,25,29.4,24.2,17.9,87,52,12.4,25,0,2
2019,32,10,8,25,33.2,23.6,18.6,79,48,13.4,29,1.5,3.6
2019,32,11,8,29,34.4,25.2,19.1,44,39,11.9,29,1.1,0
2019,32,12,8,29,38.6,25.4,24.6,68,49,12.5,25,8.7,0
2019,33,13,8,25,40.2,26.5,26.4,65,55,11.7,25,7.9,0
2019,33,14,8,25,37.8,25.8,25.2,66,51,13,25,5.2,0
2019,33,15,8,29,38.2,26.8,24.2,63,51,9.6,25,7,0
2019,33,16,8,25,38,27.4,22.1,63,78,8.8,11,7.9,0
2019,33,17,8,18,34,24.4,21.6,92,69,4.6,25,2.8,11.6
2019,33,18,8,7,33.6,22.2,18.9,97,48,3,3.1,21.6,5.6
2019,33,19,8,9,34.4,23.8,19,92,45,3.1,11,4.9,0
2019,34,20,8,9,35.8,23.8,18.7,87,43,3.4,11,5.9,5.2
2019,34,21,8,29,36.2,25,18,77,42,3.9,29,8.1,10.6
2019,34,22,8,25,35.8,25.8,18.6,73,49,8.2,25,6.9,0
2019,34,23,8,25,35,25.8,27.4,67,63,9.4,25,2.3,0
2019,34,24,8,25,36,25.8,18.1,67,41,9.2,25,3.8,0
2019,34,25,8,25,37.6,26.2,19.2,66,48,9.5,25,7.4,0
2019,34,26,8,25,35.4,26.2,22,65,53,11.8,25,3.3,0
2019,35,27,8,25,35.8,25.6,22.8,64,54,15.1,25,3.2,0
2019,35,28,8,25,36.4,26.4,25.3,69,52,10.3,29,1.7,0
2019,35,29,8,25,38,26.4,27,72,55,9.4,25,9.2,0
2019,35,30,8,25,39,26,26.9,74,54,9.6,25,9.3,0
2019,35,31,8,25,39.8,26.8,27.8,81,61,11,25,10,0
2019,35,1,9,25,37.8,26.5,29.2,81,73,12.5,25,9.3,0
2019,35,2,9,25,36.6,27,26.7,82,52,14.4,25,5,0
2019,36,3,9,25,38.4,26.4,27.7,82,60,11.6,25,6.4,0
2019,36,4,9,25,37.6,26.8,29.2,81,73,12.7,25,7,0
2019,36,5,9,25,36,26.8,28.2,85,64,14.6,25,6.3,0
2019,36,6,9,25,36.6,25.8,27.2,82,56,12.1,25,4.4,0
2019,36,7,9,25,37.6,26.6,27.2,81,56,11.1,25,6,0
2019,36,8,9,23,39.2,26.4,26.4,81,50,10.7,25,8.4,0
2019,36,9,9,25,39.8,25.4,25.9,81,47,11.9,11,9.3,0
2019,37,10,9,25,40,26.8,29.2,81,73,8.7,25,9.3,0
2019,37,11,9,11,39.2,26.4,28.2,84,64,5.5,25,6.5,0
2019,37,12,9,11,37,25,28.4,79,66,3.5,25,4.6,0
2019,37,13,9,29,36,26.5,27.9,81,62,5.6,7,0.5,0
2019,37,14,9,27,36.6,23.8,27.9,87,62,3.3,25,4.5,0
2019,37,15,9,36,37.2,23.8,29.4,95,75,3.9,25,6.3,5.2
2019,37,16,9,11,36.6,24,28.2,89,64,3,20,6.5,0
2019,38,17,9,11,36.2,23.5,27.2,81,56,3.8,29,2.7,0
2019,38,18,9,25,38.4,25.2,28.3,79,65,5.9,25,6.4,1.2
2019,38,19,9,25,36.4,26.6,29.7,85,79,10.5,29,2.8,0
2019,38,20,9,5,37.2,24.5,28.6,78,68,4.4,9,3.9,0.6
2019,38,21,9,25,36.2,25.2,25.8,83,58,4.6,20,5.5,0
2019,38,22,9,23,37.6,25,28.1,86,63,6.3,25,7.3,0
2019,38,23,9,18,36.6,24.8,30,89,81,3.7,7,4.5,0
2019,39,24,9,27,36.4,23,29,92,90,3.7,16,5,1.2
2019,39,25,9,5,35.4,24.4,29.1,95,72,2.8,25,3.2,12.9
2019,39,26,9,23,35.4,23.6,28.5,92,67,5.2,14,0,5.8
2019,39,27,9,14,35.4,24,23.1,83,98,10.2,14,5.6,0
2019,39,28,9,5,34.4,23.6,23.2,94,63,2.2,14,5.1,25.2
2019,39,29,9,32,32.6,26,25.3,86,78,2.8,34,3.4,3
2019,39,30,9,36,33.6,15,20.6,98,62,3.9,11,4.1,43
2019,40,1,10,5,31,22.8,19.8,97,51,2.7,7,4.8,9.2
2019,40,2,10,7,34.2,23.5,28.6,83,68,3.1,5,7,0
2019,40,3,10,36,35.6,24.5,21.1,88,50,4.2,5,8.9,0
2019,40,4,10,7,35.6,24,19,81,46,3.3,7,6.3,6.2
2019,40,5,10,5,35,24.4,21.9,85,92,3.9,9,6.8,0
2019,40,6,10,32,34.8,23.4,19,95,53,2.6,11,4.8,8
2019,40,7,10,5,33,23.2,19.6,97,47,3.8,11,3.9,0
2019,41,8,10,32,35,23.5,25.3,90,59,3.6,9,3.6,0
2019,41,9,10,23,35.5,23.5,16,87,41,4.1,11,5.8,0
2019,41,10,10,14,36.2,24.2,18.6,92,51,4.9,11,6.7,0
2019,41,11,10,14,33.6,24.2,22.1,85,78,3.9,16,3.2,0
2019,41,12,10,5,33.8,24.2,23.7,85,80,3.6,16,7.1,6.4
2019,41,13,10,7,33.8,24,21.4,97,62,2.7,11,5.5,7.8
2019,41,14,10,36,32,24.2,23.7,84,59,1.5,7,4.5,0
2019,42,15,10,11,34.2,24.2,22.6,94,95,3.8,29,7.8,0
2019,42,16,10,9,27.2,24.2,22.6,93,98,2,5,0,4.4
2019,42,17,10,36,30.2,22.6,22.5,98,67,2.4,11,1.1,40.6
2019,42,18,10,5,31,23.6,23.1,95,67,2.4,29,5.3,0
2019,42,19,10,32,31.8,23.6,26.5,91,70,1.9,7,3.1,1.8
2019,42,20,10,5,33.4,24,26.4,92,72,2.6,29,8.7,0
2019,42,21,10,32,33,23.6,23,98,72,2.7,5,2.8,11.4
2019,43,22,10,11,30.2,23.4,24.2,95,73,2.5,11,1.2,0
2019,43,23,10,14,31,23.8,25.6,98,71,2.6,7,0.9,2.6
2019,43,24,10,5,32.6,24.2,22.9,94,77,3.3,11,5.2,0
2019,43,25,10,32,29,24.2,28.5,84,73,3.9,25,0,0
2019,43,26,10,32,33.8,24.4,25.3,87,78,6,36,5.5,0
2019,43,27,10,32,30.5,23.6,25.7,92,72,1.8,14,0,0
2019,43,28,10,14,33.2,23.4,21.3,98,72,2.1,7,2.5,12.8
2019,44,29,10,36,29.6,23.2,22.1,93,95,1.9,7,0.4,16
2019,44,30,10,7,29.6,22.6,23.2,100,95,3.3,9,4.3,66.5
2019,44,31,10,27,25.6,22.2,21.8,100,80,1.7,27,0,15.5
2019,44,1,11,36,28.4,21.6,22.5,97,67,2.7,5,0,0
2019,44,2,11,34,31.2,23.4,22,98,62,1.8,7,5.9,0
2019,44,3,11,25,32.2,22.2,23.9,93,75,2.7,32,7.8,8.8
2019,44,4,11,32,31.2,22.2,21.4,97,59,2.7,9,3.9,2.2
2019,45,5,11,32,32.5,23.2,20.8,97,56,1.7,32,7.5,0
2019,45,6,11,36,33,22.2,20.2,98,53,1.9,7,6.8,0
2019,45,7,11,32,33.4,23.4,20.9,95,53,2.4,14,7.4,0
2019,45,8,11,5,33.8,22.5,23.3,95,66,2.9,7,7.3,20.2
2019,45,9,11,5,32.2,22.4,24,97,70,2.6,7,7.4,23.4
2019,45,10,11,36,32.2,22.4,20.8,95,54,2.5,11,7.8,0
2019,45,11,11,36,33.4,23.5,21.9,98,69,1.8,11,8.2,0
2019,46,12,11,36,33.2,23.6,20.6,95,60,2.8,7,5.8,0
2019,46,13,11,5,32.2,22.8,20.9,93,60,2.1,7,7.6,0
2019,46,14,11,36,31.6,21.8,22.4,92,66,1.9,29,6.4,0
2019,46,15,11,5,31.6,23.2,22.2,89,61,1.8,5,6.1,0
2019,46,16,11,32,33,23.6,21,95,58,2,5,7.3,0.6
2019,46,17,11,5,32.6,22.5,19.2,98,74,2.3,5,5.6,15.7
2019,46,18,11,5,33,23.2,23.1,90,67,2.2,2,1.8,2.4
2019,47,19,11,32,32,22.6,23.2,98,81,2.3,5,6.7,3.6
2019,47,20,11,5,29.6,22.8,23,92,66,1.6,11,1.7,3.2
2019,47,21,11,32,32.6,22.6,20.4,90,58,3.2,7,7.6,0
2019,47,22,11,36,32.6,23.6,22.4,93,69,2.1,7,8.2,0
2019,47,23,11,36,31.2,23.2,21.1,89,64,2,7,2,0
2019,47,24,11,36,31.5,23.2,21.4,90,69,2,7,6.8,0
2019,47,25,11,5,30.5,21.4,21.1,95,75,2.8,7,3.8,0
2019,48,26,11,36,29,23.2,21.6,90,75,1.6,7,0,8.6
2019,48,27,11,5,30.2,23,21.5,93,60,2,7,2.3,3.4
2019,48,28,11,5,32.2,23.2,24.7,95,85,3.1,5,7.8,0.5
2019,48,29,11,5,30.2,24,22.4,97,81,1.8,7,2.9,7.4
2019,48,30,11,7,28.8,22.6,22.7,100,82,1.9,7,0.6,42.4
2019,48,1,12,5,28.2,23,24,100,91,2.3,9,0.6,35.1
2019,48,2,12,5,28.2,23,22.7,98,72,0.9,5,0,2
2019,49,3,12,36,29.8,22.6,22.6,100,81,2.1,5,1,11.3
2019,49,4,12,5,28.2,22.2,21.3,91,66,1.8,36,0,0
2019,49,5,12,5,31.2,22.4,19.2,92,66,2.4,36,6.1,0
2019,49,6,12,7,29,22,20.1,92,79,2.5,5,1.5,2
2019,49,7,12,36,27.4,21.8,20.8,93,84,2.2,7,0,0
2019,49,8,12,5,29.8,21,20.9,96,73,2.8,7,4.9,6.7
2019,49,9,12,36,29.4,20,20.4,96,65,1.5,7,3.1,0
2019,50,10,12,36,30.8,20.8,19.5,91,59,2,5,7.8,0
2019,50,11,12,5,31,24.2,18.4,87,58,2,9,6.4,0
2019,50,12,12,36,31,22.5,19.1,92,60,1.7,7,2.4,0
2019,50,13,12,36,31.5,21,21.4,92,64,1.4,7,4.1,0
2019,50,14,12,5,31.5,23,21.9,91,82,2.3,7,5.6,0
2019,50,15,12,5,28.4,21.2,21.2,96,70,2,7,1.2,14.2
2019,50,16,12,7,30.2,19.8,19.9,89,60,1.9,7,3.4,0
2019,51,17,12,5,31.2,23.2,20.9,93,83,1.9,5,7.2,0.7
2019,51,18,12,1.5,27.2,21.8,19.7,21.5,93,71,2,7,0.3
2019,51,19,12,2.3,29.6,22.5,20.3,20.9,92,67,5,7,4.4
2019,51,20,12,2.6,29.6,22.6,19,22.1,87,81,5,5,2.6
2019,51,21,12,0.8,28,22.2,20.4,21.3,97,78,9,9,0
2019,51,22,12,0.8,27.4,22.5,19.9,20.8,93,64,9,5,0
2019,51,23,12,1.8,31,22,19.7,18,93,55,5,36,6.4
2019,52,24,12,2,31.6,22.6,21,21.8,95,65,9,36,5.4
2019,52,25,12,1.6,31.2,22,20.9,21.2,93,68,5,5,6.3
2019,52,26,12,2.7,30,21.2,20.1,19.7,96,63,5,5,4.6
2019,52,27,12,1.2,30.8,21.2,19.6,18.8,96,57,5,36,5
2019,52,28,12,1.8,31.2,20.4,18.4,17.7,92,52,5,36,6.8
2019,52,29,12,2,31.8,21.6,18.4,20.1,85,62,5,36,9.3
2019,52,30,12,2.2,32,20,18.3,16.7,94,48,9,5,5.7
2019,52,31,12,1.9,31.8,21.6,20.6,18.9,100,53,5,14,8.6
2020,1,1,1,1.9,32.2,22.4,20,21,91,63,14,9,7.4
2020,1,2,1,1.9,31.8,21.4,21.1,20.8,96,61,5,36,6.1
2020,1,3,1,1.7,32.2,21,18.9,19.4,96,54,14,5,6.2
2020,1,4,1,2.1,33.4,22,20.4,20.8,97,56,5,5,7.1
2020,1,5,1,2.9,33.6,22.8,21.1,19.8,96,55,32,9,7.8
2020,1,6,1,2.7,33.4,23,21.1,19.1,96,51,9,5,6.9
2020,2,10,1,2,32.2,18.6,16.6,15.5,98,45,5,5,8.6
2020,2,13,1,2.6,31.2,19.4,17.2,15.7,94,47,9,2,9.3
2020,2,14,1,2.1,31.8,19.8,16.9,16.8,86,50,11,7,7.8
2020,3,15,1,2.4,31.8,17.8,28.2,14.9,97,44,7,7,7.6
2020,3,16,1,2,33.8,20.4,17.2,15.6,88,45,36,2,7.8
2020,3,17,1,36,33.4,19.2,17.3,91,47,2.8,7,10.4,0
2020,3,18,1,2.7,33.8,23.2,20.4,21.7,90,73,7,11,6.8
2020,3,19,1,2.1,30.6,23.6,21.6,22,89,83,5,14,2.6
2020,3,20,1,1.6,29,19.2,17.3,17.5,96,50,5,5,0.5
2020,3,21,1,2.8,33,19.8,17.6,16.6,97,47,9,5,8.1
2020,4,22,1,2.6,32.5,21.2,18,18.7,90,54,5,5,9
2020,4,23,1,3.8,32.5,23.4,20,19.6,91,55,5,5,8.9
2020,4,24,1,2.8,32.5,21.8,19.4,17.1,97,47,5,5,6.2
2020,4,25,1,2.8,33.4,18.5,16.7,13.4,96,37,14,5,8.2
2020,4,26,1,2.9,33.5,18,15.9,12.1,96,33,5,5,9.1
2020,4,27,1,3,33.5,17.5,15.5,14.5,96,40,5,5,8.8
2020,4,28,1,2.7,33.5,17.2,15.1,16.7,93,44,5,9,9
2020,5,29,1,3.1,33.5,19.6,16.7,16.1,93,43,5,5,9.9
2020,5,30,1,2.9,33.8,19.8,18.6,15.1,95,38,11,11,9.1
2020,5,31,1,3,34.8,17.6,15.5,14.8,96,40,9,9,8.4
2020,5,1,2,3.3,34.2,18.4,17.4,15.9,94,44,14,14,8.6
2020,5,2,2,3,33.6,20.5,18.2,12.2,96,33,5,36,8.4
2020,5,3,2,3.1,34,19.6,16.1,14,87,38,9,9,9
2020,5,4,2,3.4,33.8,21.2,17.7,17.2,91,46,5,5,8.6
2020,6,5,2,3.4,33.5,22,19.2,16.3,93,45,5,14,6.2
2020,6,6,2,3.6,33.2,20,17.3,17,93,47,5,5,5.9
2020,6,7,2,3.1,33.5,20,17.1,17,93,48,14,5,6.8
2020,6,8,2,2.9,33.5,20.8,17.3,17.4,89,48,5,5,4.5
2020,6,9,2,2.8,33.6,21.4,17.1,16.5,86,45,5,5,7.3
2020,6,10,2,3.6,34,22.2,18,15.5,86,41,5,5,8.7
2020,6,11,2,3.7,34.2,20,17.4,14.4,88,39,9,5,8.1
2020,7,12,2,4.5,34,20.5,17.4,17.5,91,47,5,36,8
2020,7,13,2,5.4,34.2,24,20.1,16.4,89,45,32,9,8.3
2020,7,14,2,3.4,33,22.6,19.3,15.8,91,40,9,9,4.1
2020,7,15,2,3.5,35,20.2,17.1,16.2,93,41,9,5,8.6
2020,7,16,2,3.2,35.5,20,17.3,13.3,93,34,5,36,8.8
2020,7,17,2,3.4,35,20,16.9,13.8,89,34,5,5,9.1
2020,7,18,2,3.7,35,19.5,15.6,13.1,86,35,36,14,9.5
2020,8,19,2,3.6,34,18.8,15.4,11.7,86,30,5,9,9.6
2020,8,20,2,3.8,35,19.8,15.8,14.3,86,38,5,5,9.5
2020,8,21,2,4,34,20.2,16.6,19.4,88,56,5,5,9.7
2020,8,22,2,4.9,34,25,21.7,19.2,90,52,5,5,6.1
2020,8,23,2,4.2,33.8,21,18.9,16.3,93,40,36,5,4.6
2020,8,24,2,4.9,35,22.5,19.5,15.4,91,40,36,9,8.1
2020,8,25,2,3.6,34.6,22.5,19.7,16,90,40,36,5,9.2
2020,9,26,2,3.3,35.5,22,19.5,16,91,40,5,9,7.8
2020,9,27,2,3.6,36,21,19.3,15.8,88,38,5,32,8.6
2020,9,28,2,4.3,35.5,22.5,18.8,15.5,88,38,36,32,9.4
2020,9,29,2,4.3,35.5,21.4,17.9,15,88,38,36,9,8.8
2020,9,1,3,3.6,35.4,21.8,18.1,16.5,88,41,5,7,7.5
2020,9,2,3,4.1,35.6,22.6,19,16.1,84,39,5,9,7.9
2020,9,3,3,3.3,36.2,22.6,18.6,16.8,85,38,14,32,8.6
2020,9,4,3,3.9,36.2,23.5,18.9,15.8,82,35,36,9,7.1
2020,10,5,3,3.4,37,22.8,19.3,17,85,38,5,23,6.7
2020,10,6,3,4.1,37,24.6,22.3,17.7,90,40,23,14,6.3
2020,10,7,3,4.5,37.6,23,20.5,17,91,37,36,18,5.9
2020,10,8,3,4.2,37.5,22,19.9,20,90,50,32,9,7.9
2020,10,9,3,4.1,35.6,25,22.1,18,84,42,5,18,7.6
2020,10,10,3,3.8,36.6,22.2,19.2,14.8,87,34,5,32,7.8
2020,10,11,3,3.9,36.6,23.4,19.5,15.7,87,35,5,18,9
2020,11,12,3,4.1,36.8,21.8,19.1,15.7,88,35,5,5,9.1
2020,11,13,3,3.9,37.5,23,20.2,12.6,87,28,5,7,7
2020,11,14,3,4.8,37.4,23.5,19.7,15.2,87,36,5,9,9.1
2020,11,15,3,4.7,36.8,22.8,19.8,14.4,85,33,2,7,9.2
2020,11,16,3,4.5,36.6,23.8,19.9,17.1,83,37,2,2,9.3
2020,11,17,3,5.3,37.6,25.8,21.1,16.7,82,40,2,11,8.8
2020,11,18,3,4.7,36.6,23.6,21.1,17.1,89,37,2,11,7.4
2020,12,19,3,4.4,37.2,23.8,21,17.2,84,38,2,7,7.9
2020,12,20,3,3.7,37,23,19.1,15,82,31,23,2,7
2020,12,21,3,4.2,38,23.5,22.2,17.4,93,38,32,23,8.4
2020,12,22,3,4.6,37.6,23.6,19.7,18,87,40,5,5,6.9
2020,12,23,3,4.6,38.2,23.6,22.6,18.3,87,40,5,5,7.4
2020,12,24,3,4.6,37.4,24,21.6,16.8,89,37,5,7,6.4
2020,12,25,3,4.1,37.2,24.2,20.7,17.2,87,38,5,7,6.8
2020,13,26,3,7,37.2,23.5,17.3,84,39,4.2,5,8,0
2020,13,27,3,32,36.2,23.5,15.5,87,36,4.9,7,7.1,0
2020,13,28,3,5,36.2,22.6,15.4,81,33,3.9,5,7.1,0
2020,13,29,3,5,37.8,22.6,14.9,83,33,4.5,2,9.6,0
2020,13,30,3,23,37.8,21.4,15.9,84,33,3.7,2,9.6,0
2020,13,31,3,5,38.2,21.4,15.5,77,33,5,5,9.5,0
2020,13,1,4,5,37.8,21.4,17.4,82,38,4.6,5,9.4,0
2020,14,2,4,5,37.2,21.5,16.5,88,34,4.8,7,9.1,0
2020,14,3,4,5,37.8,24,19.1,86,39,4.2,2,9,0
2020,14,4,4,5,38.2,24,19.4,81,39,4.4,7,9,0
2020,14,5,4,5,38.2,22.6,19.1,100,49,5.1,5,8.5,66.4
2020,14,6,4,5,34,23.8,21.1,97,50,1.7,5,5.8,3.4
2020,14,7,4,5,35.2,24.6,20.5,95,42,3.9,7,8.9,0
2020,14,8,4,9,37.8,25.5,20.5,91,39,3.6,5,5.7,0
2020,15,9,4,5,39.2,24.5,19.9,88,39,3,7,7.4,0
2020,15,10,4,36,39.2,22.2,15.3,82,31,2.7,36,7.6,0
2020,15,11,4,5,38.2,23,18.7,88,41,6.2,11,9.3,0
2020,15,12,4,5,37.2,24.2,20.3,83,43,4.2,5,8.6,0
2020,15,13,4,5,37.8,24.8,18.6,87,37,3.8,20,9.6,0
2020,15,14,4,5,38.2,24.4,23.3,80,49,3.4,11,8.3,0
2020,15,15,4,5,38.5,25,16,83,31,3.7,36,9.5,0
2020,16,16,4,23,38.6,23.8,16.3,79,32,4.5,7,9.1,0
2020,16,17,4,32,38.6,23.6,18.4,80,38,4.3,5,10,0
2020,16,18,4,5,38.5,25.5,22.2,83,48,4.9,36,9.3,0
2020,16,21,4,2,36.8,25,18.9,76,39,4.9,11,8,0
2020,16,22,4,32,37.8,24,20.6,79,60,4.1,11,10.3,0
2020,17,23,4,5,36.8,25,15.8,88,30,4.3,11,7.3,0
2020,17,24,4,5,39.5,26,17.4,81,36,4,11,9.9,0
2020,17,25,4,5,38,25,18.4,82,36,5.2,7,6.4,0
2020,17,26,4,5,40,27,21.3,80,61,3.2,29,9,0
2020,17,27,4,5,37.6,24,16.4,87,32,2.3,9,3.8,0
2020,17,28,4,5,40.2,27.6,23.4,85,52,4.3,11,10.3,0
2020,17,29,4,7,37,24.5,19.3,85,41,4.1,7,3.9,0
2020,18,30,4,5,38,24,22.5,93,62,2.3,11,3.5,1
2020,18,1,5,32,37.5,23.2,19.3,95,41,4.1,11,4.9,13
2020,18,2,5,2,38.4,25.4,19.2,82,38,2.7,5,9.3,0
2020,18,3,5,23,39.8,25.5,17.9,91,34,3.4,7,10.2,0
2020,18,4,5,3.3,40,24,24.3,17.3,91,34,5,7,8.3
2020,18,5,5,3.8,39.2,26.4,25.2,17.9,80,38,5,20,9
2020,18,6,5,4.1,38.2,25.2,25.7,17.6,85,39,2,11,8.9
2020,19,7,5,3.3,38.4,24.8,23.8,18.5,92,45,36,11,5.8
2020,19,8,5,2,34.6,24.6,19.8,87,43,4.1,11,4.4,0
2020,19,9,5,29,37.2,24,22.4,83,85,3.9,9,6.2,0
2020,19,10,5,5,35.8,24.4,20.7,95,45,2.1,36,4.2,1
2020,19,11,5,7,37,25.4,20.3,83,48,3.2,11,3.7,0
2020,19,12,5,11,35.6,25.8,20,79,46,3.8,7,4.8,0
2020,19,13,5,7,36.4,24.2,22.9,97,60,4.1,25,3.7,4.6
2020,20,14,5,2.3,33.8,23.8,24,19.1,91,40,2,7,2.3
2020,20,15,5,4,38,23.8,24,19.6,93,40,2,18,6.9
2020,20,16,5,3.6,38.4,24,23,20.6,92,48,2,9,6.7
2020,20,17,5,2.5,35.8,25.8,25.7,18.9,89,35,2,29,0
2020,20,18,5,6.3,40.2,27.5,20.4,20,65,48,25,25,3.7
2020,20,19,5,7.6,38,27.6,20.1,17.6,62,33,25,25,0.9
2020,20,20,5,10.5,40.2,27,20,20.8,63,38,25,25,5.5
2020,21,21,5,7.5,41,27.2,20.7,20.3,68,39,29,25,10.2
2020,21,22,5,9.8,39.2,26.5,23.3,19.9,85,39,23,27,7.4
2020,21,23,5,3.6,40.2,24,24.2,20.8,86,40,32,11,3.4
2020,21,24,5,3.4,39.4,21.8,25.4,18.8,89,37,5,11,8.1
2020,21,25,5,2.8,40,25.5,23.3,19.2,82,38,9,11,7.4
2020,21,26,5,3.3,39,22,25.1,20.2,98,42,5,11,7.3
2020,21,27,5,3.3,38.4,25.5,23.4,18.6,83,37,32,29,8.2
2020,22,28,5,3.2,39,26.5,25.4,22.1,89,45,5,11,8.1
2020,22,29,5,4.4,38.6,23.5,23.8,23,92,58,5,9,5.1
2020,22,30,5,2.3,35.5,24.6,23.3,20,89,44,29,25,0.8
2020,22,31,5,5.5,37.6,25.6,21.4,20.3,73,43,16,25,8.5
2020,22,1,6,7.5,38.6,27.2,20.7,20.5,66,44,25,25,10.7
2020,22,2,6,7.5,37.8,25.5,21.1,18.6,73,45,29,29,9.4
2020,22,3,6,11.4,35.6,26.4,20.7,19.1,68,44,25,29,10.3
2020,23,4,6,10.8,36.4,26.4,22.1,18.8,72,40,25,29,10.7
2020,23,5,6,9.4,37.5,26.2,21.9,20.3,72,43,25,25,11
2020,23,6,6,10.6,38,25.8,20.1,17.1,68,39,29,25,11
2020,23,7,6,10.6,36.6,26.6,19.6,17.6,67,41,25,25,9.2
2020,23,8,6,7.6,35.8,25.5,19.5,18.1,72,35,11,29,1
2020,23,9,6,8.2,40.2,25.5,20.5,33.7,69,66,29,25,8.8
2020,23,10,6,6.4,39.6,26.6,20,27.7,69,57,23,25,6.9
2020,24,11,6,8.2,39.6,26.2,21.9,29.5,72,73,25,23,5.7
2020,24,12,6,9.2,36.8,27.2,24.9,14.9,84,31,25,25,4.8
2020,24,13,6,8.7,38.8,26.4,25.2,15.6,84,34,23,25,10.7
2020,24,14,6,9.1,38.8,26,27.5,20,92,38,29,29,11
2020,24,15,6,8.1,39.6,26.4,20.6,21.3,65,42,25,23,8.9
2020,24,16,6,7.6,40,26.2,30.2,24.4,80,46,25,25,10.5
2020,24,17,6,23,39.8,27.2,26.6,63,52,8.3,20,9.4,0
2020,25,18,6,8.4,39.4,26.4,20.7,26.5,66,51,27,29,10.1
2020,25,19,6,8.8,39.8,25.5,21,26.7,71,52,7,29,10.6
2020,25,20,6,9.1,39.8,26.6,22.8,24.5,73,47,25,25,8.3
2020,25,21,6,10.2,40,27,19.9,27.3,65,57,25,25,10.2
2020,25,22,6,7.9,37.4,26,19.1,21.6,65,46,27,25,5.2
2020,25,23,6,8.4,37.6,26.8,17.8,18.1,59,42,11,14,0.9
2020,25,24,6,5.2,35.6,25.5,20.9,16.8,73,34,7,11,0.5
2020,26,25,6,3.5,38.4,23.6,23,18.7,97,46,29,29,6
2020,26,26,6,4.3,36.2,23.6,20,16.6,72,36,25,11,4
2020,26,27,6,10.5,37.8,26.4,19.6,17,67,32,25,25,9.1
2020,26,28,6,10.6,40.6,26.4,19.5,16.7,66,34,25,29,10.1
2020,26,29,6,7.6,38.8,24.5,19.5,18.5,66,47,29,25,7.6
2020,26,30,6,5,38.6,22.6,17.6,14.9,62,30,11,11,6
2020,26,1,7,7,39.6,25.5,19.3,17.9,67,36,23,29,8.2
2020,27,2,7,7.3,39.8,25.6,19.9,17.8,68,37,5,29,8.2
2020,27,3,7,6.4,39.2,26.6,19.4,20,68,52,9,25,5.4
2020,27,4,7,8.2,36.8,26.5,19.1,22.9,65,46,25,29,2.7
2020,27,5,7,10,38.4,26.4,21.1,27.3,73,57,25,29,4.3
2020,27,6,7,8.5,38,26.4,20.9,27.4,70,57,25,29,6.7
2020,27,7,7,10.6,38.8,25.5,20.7,26.6,74,52,25,25,7.8
2020,27,8,7,6.1,40,24.6,19.9,27.7,73,60,5,29,9.2
2020,28,9,7,4.5,37.4,24.5,22.4,28.3,85,65,5,7,5.2
2020,28,10,7,3.1,37.2,22.8,23.5,29.5,100,76,5,11,2.3
2020,28,11,7,4.9,34.8,23.2,21.6,28.5,85,67,32,7,6.4
2020,28,12,7,4.3,35.8,23,22.1,28.5,88,67,32,29,6.5
2020,28,13,7,5,36.5,24,24.6,29.2,91,73,25,7,8.7
2020,28,14,7,2.5,35,24.2,23.6,40.7,89,87,34,7,3.5
2020,28,15,7,2.7,37.8,24.2,24.7,36.5,97,84,2,25,8.8
2020,29,16,7,3.8,36,25.2,24.6,29.2,91,85,20,23,6.6
2020,29,17,7,8.1,33,24.8,24.4,29.5,92,76,32,29,0.9
2020,29,18,7,7.1,35.4,24,24.5,28.3,94,65,29,7,0.9
2020,29,19,7,2.6,37,23.6,23.2,27.7,95,60,5,2,6.8
2020,29,20,7,3,37,23.6,23.9,30.5,94,87,29,7,6.6
2020,29,21,7,4.2,35.4,23.4,23.8,28.5,92,67,5,2,6.5
2020,29,22,7,3.6,36,24.2,24.9,28.8,95,70,9,27,7.4
2020,30,23,7,4.4,35.2,23.8,23.8,28.8,92,70,5,7,6.6
2020,30,24,7,4,36.2,23,22.3,29.8,95,80,29,34,6.6
2020,30,25,7,6.9,33.6,24,24,28.5,95,67,32,25,4.2
2020,30,26,7,6,36.4,24,24.3,28.6,95,68,5,34,7.6
2020,30,27,7,4.5,35.6,24.8,24.4,26.8,92,53,5,29,4
2020,30,28,7,3,39,25.4,25.6,29.7,97,79,5,11,8.6
2020,30,29,7,4.7,34.2,25.5,25.2,30.3,95,85,29,29,0.2
2020,31,30,7,6.8,33.8,24.5,24.7,28.7,92,69,29,29,0
2020,31,31,7,8.9,36.4,25.4,26.7,27.9,94,62,25,25,10.9
2020,31,1,8,10.1,37.4,25.5,27.6,28.2,94,64,25,25,9.9
2020,31,2,8,10.5,37.4,24.2,25,29.1,97,72,20,20,7.4
2020,31,3,8,12.3,36,25.6,27.2,29.8,97,80,25,25,4.4
2020,31,4,8,15.7,35,26.5,28,29.7,99,79,25,25,3.4
2020,31,5,8,15,34.4,25.2,26.2,28.7,97,69,23,25,1.5
2020,32,6,8,13.5,36,26.5,29.3,26.1,98,76,25,25,3.7
2020,32,7,8,9.1,33.8,24,21.9,29.7,82,79,25,25,0.5
2020,32,8,8,10.7,35.5,26,25.9,27.2,92,56,25,29,3.9
2020,32,9,8,7.1,38.4,23,22,30.7,98,90,25,25,5.3
2020,32,10,8,7.9,31.8,23.6,23.7,28.9,95,71,25,25,0.7
2020,32,11,8,9.2,35.6,25,25.7,27.7,94,60,25,25,5.1
2020,32,12,8,9.6,37.6,24.6,26.4,27,95,55,25,29,10.6
2020,33,13,8,9.1,38.6,25,26.8,27,95,55,25,25,10.4
2020,33,14,8,11.1,39.4,25.2,26.1,26.7,95,52,25,29,9.9
2020,33,15,8,11,40,26,23.8,27.7,85,60,25,29,9.4
2020,33,16,8,9.6,37.8,25.2,18.8,19.3,69,41,25,29,4.4
2020,33,17,8,11.1,38.2,26,21.6,27.4,78,57,25,29,7.6
2020,33,18,8,9.3,38,24.8,22.6,27.2,83,56,25,25,5.5
2020,33,19,8,8,38.6,22.8,18.4,27.2,73,56,23,11,10.3
2020,34,20,8,5.7,38.6,24.6,22.1,27.3,84,57,5,29,7.7
2020,34,21,8,4.4,38.4,23.4,22.8,26.8,86,53,5,11,0
2020,34,22,8,5.1,39.2,25.4,21.7,23.5,76,46,5,7,9.3
2020,34,23,8,4.4,39.4,24.4,22.5,27.2,86,56,27,11,7.4
2020,34,24,8,3,38.4,24,23.8,28.6,92,68,36,25,6.1
2020,34,25,8,3.7,36.6,24.5,22.3,26.9,83,54,5,29,5.9
2020,34,26,8,3.8,38.6,24,22.1,28.5,84,67,7,11,6.5
2020,35,27,8,2.8,36,22.4,21.3,27.3,92,62,7,11,4.5
2020,35,28,8,3.2,37.4,23,20.7,27.9,83,62,5,32,8.4
2020,35,29,8,3.2,37.2,22.4,20.8,16.4,88,38,36,11,8.5
2020,35,30,8,4.7,36.8,24.4,20.3,17.4,75,36,29,7,10.2
2020,35,31,8,2.5,38.4,23.8,23.2,20.1,92,45,5,32,8.3
2020,35,1,9,2.9,37.4,22.6,22.2,18.4,93,44,36,7,7.4
2020,35,2,9,3.6,36.2,22.2,22.5,22.1,97,72,9,9,8.1
2020,36,3,9,4,29.8,22.8,21.2,19.1,90,44,7,29,0
2020,36,4,9,3.8,36.2,24,23.6,23.4,93,67,7,11,6.8
2020,36,5,9,2.3,33.5,23,23,20.3,92,46,7,11,5.2
2020,36,6,9,3.6,36.2,23.5,23.4,17.8,91,57,5,25,7
2020,36,7,9,12.6,34.2,24.6,19,17.1,66,39,25,25,5.9
2020,36,8,9,9.1,36.8,25,20.3,20.2,72,44,25,25,8.1
2020,36,9,9,9.3,37,24.8,21.6,20,78,54,25,25,8.8
2020,37,10,9,11.9,36,25.6,19.9,18.4,71,50,25,25,5.8
2020,37,11,9,13.2,34,26,18.8,17.9,67,42,25,25,2.7
2020,37,12,9,16.1,36,25.6,19.2,18.9,68,49,25,25,8.8
2020,37,13,9,11.1,35.8,25,18.8,21.6,69,75,25,25,2.7
2020,37,14,9,6.7,33.2,25,20.5,18.2,77,47,25,25,0.7
2020,37,15,9,8.1,35.8,25,20.4,18.9,74,48,25,25,2.9
2020,37,16,9,9.1,37.2,25,20.3,18.5,72,45,18,29,7.4
2020,38,17,9,8.1,36.6,23.5,19.4,18.4,77,48,27,29,6.7
2020,38,18,9,7.8,37.4,24.4,19.6,17.2,70,35,25,29,6.9
2020,38,19,9,11.1,38.5,26,19.8,18.3,70,51,25,25,8.2
2020,38,20,9,11.7,36.2,23.4,20,18.2,81,54,25,25,1.7
2020,38,21,9,13.6,32.4,26,19.2,18.5,68,52,25,25,0.7
2020,38,22,9,14.5,33,25.2,20.2,18.6,71,45,25,25,0.7
2020,38,23,9,10.1,36,25,19.9,16.5,73,37,25,29,4.8
2020,39,24,9,7.5,37,23.4,19.5,17.4,75,39,25,25,6.8
2020,39,25,9,3.9,36.6,26.2,22,19.3,86,53,5,14,5.1
2020,39,26,9,2.6,35.5,23.4,23.8,20.2,100,52,5,5,2.4
2020,39,27,9,1.6,35.4,22,22.7,20,97,48,5,7,3.4
2020,39,28,9,2.7,35.2,22.8,21.8,21.2,95,49,36,36,5.9
2020,39,29,9,2.5,36.2,23.4,23.1,17.4,98,46,5,5,4.8
2020,39,30,9,3.5,34.6,22.8,20.3,19.5,79,50,23,25,0.8
2020,40,1,10,5.6,37,22.8,20.2,18.2,74,39,7,11,6.8
2020,40,2,10,7.2,37.2,23.4,18.2,15.7,74,35,14,32,9.1
2020,40,3,10,4.4,37.2,23.6,18.5,15.9,64,35,20,23,5.6
2020,40,4,10,9.5,39.2,23.4,16.3,13.8,58,30,23,32,9.9
2020,40,5,10,9.1,38.4,20.4,17.2,12.5,65,24,36,5,9.8
2020,40,6,10,4.3,39.2,20.2,17.4,16,67,31,23,14,10.2
2020,40,7,10,5,40,21.4,20.4,18,76,39,14,5,7.6
2020,41,8,10,4.6,37.6,19.8,22.5,23.7,97,67,27,36,7.4
2020,41,9,10,3.5,33.6,20.2,22,19.1,83,42,23,32,2
2020,41,10,10,2.8,37.2,19.6,22.3,20.4,95,65,5,23,6.8
2020,41,11,10,4.5,36.6,22.4,20.2,18.1,74,51,23,23,2.8
2020,41,12,10,9.5,33.4,22.8,19.4,17.8,73,45,23,25,0.1
2020,41,13,10,13.3,35,23,19.6,18.7,73,50,25,25,6.2
2020,41,14,10,12.3,36,22.2,19.1,18,70,53,25,25,5.4
2020,42,15,10,12.6,33.6,23.4,19.4,16.7,71,41,25,25,1.6
2020,42,16,10,11.2,36,22.5,19.4,15.5,68,33,25,29,0.7
2020,42,17,10,8.8,38,21,18.5,18.2,69,45,5,29,9.7
2020,42,18,10,3.2,38.2,22,22,16.4,86,35,5,29,6.3
2020,42,19,10,4.1,38.2,19.5,22.3,17.6,90,38,2,29,6.3
2020,42,20,10,5.2,38.2,21,23.3,21.3,97,61,7,25,9.4
2020,42,21,10,2.8,35.6,21,16.8,17.6,66,39,25,25,6
2020,43,22,10,7,37.2,21.5,19.1,16.1,73,39,25,25,8.9
2020,43,23,10,4.8,35.8,18,17.5,15,74,32,32,29,2.9
2020,43,24,10,4.8,37.8,17.5,17.1,14.9,75,33,27,29,8.9
2020,43,25,10,4.4,37.6,19.8,19,14.6,74,31,29,11,8.5
2020,43,26,10,5.2,37.8,21,20.6,17.6,76,39,7,7,8.6
2020,43,27,10,5.8,37,20,22.5,18.3,97,45,36,5,7.6
2020,43,28,10,2.8,34.6,21.2,21.9,18.2,92,45,5,5,6.4
2020,44,29,10,2.9,35,19.4,21.9,20.1,100,55,29,5,4
2020,44,30,10,2.3,33.4,20,21.3,19.6,92,53,5,5,7.3
2020,44,31,10,3.4,33.4,17,21.7,21.1,97,56,29,5,4.8
2020,44,1,11,2.6,33.6,20,23.1,17.5,98,45,5,5,7.3
2020,44,2,11,2.1,35,20.8,23.2,17.9,95,44,5,7,8.3
2020,44,3,11,2.4,35.2,21.6,23.6,19.8,93,48,5,7,8.4
2020,44,4,11,3.4,35,20.8,23,20,97,50,5,5,7.6
2020,45,5,11,4.3,34.8,19.4,21.8,24.4,98,85,36,7,7.8
2020,45,6,11,1.9,33.2,18.4,20.6,21.8,100,84,9,7,6.1
2020,45,7,11,1.4,29,20.4,23,22.4,92,61,7,7,1.3
2020,45,8,11,2.2,33,20.8,22.1,24.2,84,94,9,7,8.7
2020,45,9,11,2,33,20,21.7,21.2,93,60,7,5,6.2
2020,45,10,11,1.9,32.8,19.6,19.8,18,92,53,5,5,8.1
2020,45,11,11,2.3,32,17.4,17.4,17.6,88,49,36,7,7.8
2020,46,12,11,1.5,33.2,21.5,22.2,22.7,93,69,5,5,8.2
2020,46,13,11,1.9,31.8,21.6,23.7,23.5,95,95,5,5,1.4
2020,46,14,11,5,31.2,19.8,21.6,95,58,1.5,7,0.5,2.4
2020,46,15,11,5,33.4,20,24.8,86,89,2.7,5,8.7,4.2
2020,46,16,11,1.1,28.8,20.2,23.8,19.5,100,84,5,2,1.5
2020,46,17,11,5,28.4,17,24.4,100,100,1.9,2,0.2,45.4
2020,46,18,11,5,26.2,16.2,22.7,100,72,1.7,2,0.1,36.8
2020,47,19,11,2.7,30.4,18,21.4,23.4,100,98,5,2,6
2020,47,20,11,1.4,28.2,18.6,22,22.7,98,82,5,5,2.6
2020,47,21,11,5,31,15.6,18.5,97,57,1.6,11,5.1,0
2020,47,22,11,5,31.6,16,15.6,97,48,1.3,7,9.2,0
2020,47,23,11,5,31.6,15.2,18.8,98,55,1.4,7,5.6,0
2020,47,24,11,5,32.5,16.4,18.9,91,61,1.3,5,4.6,0
2020,47,25,11,5,30.5,18.6,23.1,95,76,0.8,7,0.8,0
2020,48,26,11,5,30,19,20.2,95,52,0.9,29,0,3.2
2020,48,27,11,29,34.5,17,21.5,98,60,3.5,11,5.7,0
2020,48,28,11,5,33,16.6,22.6,96,65,2.5,7,7.8,3
2020,48,29,11,7,32.5,17.5,22.4,98,69,1.8,7,6.6,3
2020,48,30,11,5,31.6,18,20.5,93,64,1.7,7,6.9,0
2020,48,1,12,5,31.6,16.5,16.8,88,50,1.7,7,5.6,0
2020,48,2,12,5,32,16.8,20.6,91,79,1.8,7,9.1,0
2020,49,3,12,27,28.6,17.5,22.5,100,89,1,2,5,1.4
2020,49,4,12,5,26.8,18.6,22.5,100,76,1.3,5,2.5,1.5
2020,49,5,12,29,30,17.6,23.1,100,90,2.1,7,34,8
2020,49,6,12,5,29.8,17.5,22.9,100,81,1.5,7,1,18.8
2020,49,7,12,5,29.5,17.6,23.6,100,82,1.1,5,0.5,31.8
2020,49,8,12,5,29.4,18.4,23.8,100,88,1.4,11,1.8,6.8
2020,49,9,12,5,30,17.6,21.1,100,67,1.7,7,3.7,3
2020,50,10,12,5,30.6,17.6,20.9,98,67,2.1,7,8.2,0
2020,50,11,12,5,30.2,16,19.6,96,67,1.3,7,4.5,0
2020,50,12,12,32,29.8,15,16,100,50,1.1,7,4.3,0
2020,50,13,12,36,31.6,16.4,19,100,59,0.7,7,8.5,0
2020,50,14,12,5,31.2,15.5,17.5,100,54,1.2,7,6.4,0
2020,50,15,12,5,31.2,13.6,19.7,98,61,1.2,7,8,0
2020,50,16,12,7,31.2,16.5,21.7,96,76,2.6,7,6.7,18
2020,51,17,12,5,28.8,17.5,21.7,95,79,1.7,7,3.1,0
2020,51,18,12,7,29,17,22.2,100,82,2,5,5.7,15.2
2020,51,19,12,7,28.6,17.4,21.2,95,83,1.8,29,1.5,1.6
2020,51,20,12,36,27,13.8,18.4,98,60,1.4,7,1,0.8
2020,51,21,12,5,29.8,13.6,17.4,95,60,2,7,6,0
2020,51,22,12,7,29.5,17,18.1,79,73,2.2,5,6.4,0
2020,51,23,12,5,27.2,16.8,19.6,95,70,1,5,0.6,1.8
2020,52,24,12,36,29.4,15.4,19.9,98,68,0.9,36,1.4,0
2020,52,25,12,5,29.4,15.2,18.2,93,56,1.7,5,3,0
2020,52,26,12,5,31.2,13.8,15,100,48,1.6,7,8.6,0
2020,52,27,12,5,31,14.8,18.4,97,60,1.6,7,8.5,0
2020,52,28,12,5,30.2,17,18.8,90,57,1.6,7,3.5,0
2020,52,29,12,5,31.6,17.8,20,87,81,2,7,6.3,0
2020,52,30,12,5,28,16,21.5,98,65,1,7,0.6,1
2020,52,31,12,5,31.4,17,22.1,100,95,2.5,5,8.6,19.3
,,,,,,,,,,,,,
TOTAL,RECORDS,=,724,,,,,,,,,,
